{"cameraMode":{"drawMode":0,"name":"Shaded","section":"Shading Mode"},"sceneLighting":false,"audioPlay":false,"sceneViewState":{"m_AlwaysRefresh":false,"showFog":true,"showSkybox":false,"showFlares":true,"showImageEffects":true,"showParticleSystems":true,"showVisualEffectGraphs":true,"m_FxEnabled":true},"in2DMode":false,"pivot":{"x":-48.560523986816409,"y":-0.0048316288739442829,"z":40.2528190612793},"rotation":{"x":-0.06456230580806732,"y":-0.831587553024292,"z":0.09891730546951294,"w":-0.5426970720291138},"size":3.7104647159576418,"orthographic":true}