{"cameraMode":{"drawMode":0,"name":"Shaded","section":"Shading Mode"},"sceneLighting":false,"audioPlay":false,"sceneViewState":{"m_AlwaysRefresh":false,"showFog":true,"showSkybox":true,"showFlares":true,"showImageEffects":true,"showParticleSystems":true,"showVisualEffectGraphs":true,"m_FxEnabled":true},"in2DMode":false,"pivot":{"x":1627.1634521484375,"y":1644.3079833984375,"z":227.0037841796875},"rotation":{"x":0.15879787504673005,"y":0.018264109268784524,"z":-0.0029383189976215364,"w":0.9871397018432617},"size":602.48291015625,"orthographic":true}