{"cameraMode":{"drawMode":0,"name":"Shaded","section":"Shading Mode"},"sceneLighting":false,"audioPlay":false,"sceneViewState":{"m_AlwaysRefresh":false,"showFog":false,"showSkybox":false,"showFlares":false,"showImageEffects":false,"showParticleSystems":false,"showVisualEffectGraphs":true,"m_FxEnabled":true},"in2DMode":false,"pivot":{"x":0.6876290440559387,"y":1.021754264831543,"z":-0.16643309593200684},"rotation":{"x":0.0011814117897301913,"y":-0.9987768530845642,"z":0.029972344636917115,"w":0.03937024623155594},"size":2.461562395095825,"orthographic":true}