{"cameraMode":{"drawMode":0,"name":"Shaded","section":"Shading Mode"},"sceneLighting":false,"audioPlay":false,"sceneViewState":{"m_AlwaysRefresh":false,"showFog":true,"showSkybox":false,"showFlares":true,"showImageEffects":true,"showParticleSystems":true,"showVisualEffectGraphs":true,"m_FxEnabled":true},"in2DMode":false,"pivot":{"x":5.299999713897705,"y":0.0000019073486328125,"z":-1.1000003814697266},"rotation":{"x":0.21131861209869386,"y":-0.3286501467227936,"z":0.07570318132638931,"w":0.9173920750617981},"size":3.4612748622894289,"orthographic":true}