{"cameraMode":{"drawMode":0,"name":"Shaded","section":"Shading Mode"},"sceneLighting":false,"audioPlay":false,"sceneViewState":{"m_AlwaysRefresh":false,"showFog":true,"showSkybox":false,"showFlares":true,"showImageEffects":true,"showParticleSystems":true,"showVisualEffectGraphs":true,"m_FxEnabled":true},"in2DMode":false,"pivot":{"x":11.0794038772583,"y":5.885269641876221,"z":19.60512924194336},"rotation":{"x":0.005132521502673626,"y":-0.9941738247871399,"z":0.05513127148151398,"w":0.09252128005027771},"size":1.3438069820404053,"orthographic":true}